{"data_time": 0.008911249999982829, "eta_seconds": 18889.16866199999, "fast_rcnn/cls_accuracy": 0.171875, "fast_rcnn/false_negative": 0.14075235109717868, "fast_rcnn/fg_cls_accuracy": 0.5177033492822967, "iteration": 19, "loss_box_reg": 0.8929437398910522, "loss_cls": 1.6310589909553528, "loss_rpn_cls": 0.013104040641337633, "loss_rpn_loc": 0.0038130783941596746, "lr": 6.427e-05, "rank_data_time": 0.008911249999982829, "roi_head/num_bg_samples": 49.0, "roi_head/num_fg_samples": 15.0, "rpn/num_neg_anchors": 250.75, "rpn/num_pos_anchors": 5.25, "time": 67.46131664999996, "total_loss": 2.4818725840887055}
{"data_time": 0.004951849999997648, "eta_seconds": 18203.10033099999, "fast_rcnn/cls_accuracy": 0.7734375, "fast_rcnn/false_negative": 1.0, "fast_rcnn/fg_cls_accuracy": 0.0, "iteration": 39, "loss_box_reg": 0.8459125757217407, "loss_cls": 0.5995127856731415, "loss_rpn_cls": 0.005788161884993315, "loss_rpn_loc": 0.004207756370306015, "lr": 0.00013087000000000003, "rank_data_time": 0.004951849999997648, "roi_head/num_bg_samples": 49.5, "roi_head/num_fg_samples": 14.5, "rpn/num_neg_anchors": 250.625, "rpn/num_pos_anchors": 5.375, "time": 74.59551205000002, "total_loss": 1.4185808250658738}
{"data_time": 0.005415500000026441, "eta_seconds": 17216.56294799999, "fast_rcnn/cls_accuracy": 0.958984375, "fast_rcnn/false_negative": 0.078125, "fast_rcnn/fg_cls_accuracy": 0.921875, "iteration": 59, "loss_box_reg": 0.787192165851593, "loss_cls": 0.24289988726377487, "loss_rpn_cls": 0.004948941525071859, "loss_rpn_loc": 0.0025780934374779463, "lr": 0.00019747, "rank_data_time": 0.005415500000026441, "roi_head/num_bg_samples": 48.875, "roi_head/num_fg_samples": 15.125, "rpn/num_neg_anchors": 252.0, "rpn/num_pos_anchors": 4.0, "time": 79.95246479999992, "total_loss": 1.065913783333599}
{"data_time": 0.0064161000000240165, "eta_seconds": 15402.623356999991, "fast_rcnn/cls_accuracy": 0.96484375, "fast_rcnn/false_negative": 0.02582908163265306, "fast_rcnn/fg_cls_accuracy": 0.9741709183673469, "iteration": 79, "loss_box_reg": 0.6617729663848877, "loss_cls": 0.13059371709823608, "loss_rpn_cls": 0.004741823300719261, "loss_rpn_loc": 0.003663762705400586, "lr": 0.00026407, "rank_data_time": 0.0064161000000240165, "roi_head/num_bg_samples": 48.75, "roi_head/num_fg_samples": 15.25, "rpn/num_neg_anchors": 251.25, "rpn/num_pos_anchors": 4.75, "time": 63.87310935000005, "total_loss": 0.8166280250297859}
{"data_time": 0.005272549999517651, "eta_seconds": 12906.099110000036, "fast_rcnn/cls_accuracy": 0.98046875, "fast_rcnn/false_negative": 0.015625, "fast_rcnn/fg_cls_accuracy": 0.984375, "iteration": 99, "loss_box_reg": 0.37491656839847565, "loss_cls": 0.07979009672999382, "loss_rpn_cls": 0.004167950595729053, "loss_rpn_loc": 0.005576664581894875, "lr": 0.00033067000000000003, "rank_data_time": 0.005272549999517651, "roi_head/num_bg_samples": 48.0, "roi_head/num_fg_samples": 16.0, "rpn/num_neg_anchors": 251.875, "rpn/num_pos_anchors": 4.125, "time": 49.352766549999615, "total_loss": 0.4581171798054129}
{"data_time": 0.006118600000263541, "eta_seconds": 11824.399116000048, "fast_rcnn/cls_accuracy": 0.98046875, "fast_rcnn/false_negative": 0.015625, "fast_rcnn/fg_cls_accuracy": 0.984375, "iteration": 119, "loss_box_reg": 0.2356642633676529, "loss_cls": 0.06684979051351547, "loss_rpn_cls": 0.0032894277246668935, "loss_rpn_loc": 0.0034503008937463164, "lr": 0.00039727, "rank_data_time": 0.006118600000263541, "roi_head/num_bg_samples": 48.0, "roi_head/num_fg_samples": 16.0, "rpn/num_neg_anchors": 251.5, "rpn/num_pos_anchors": 4.5, "time": 75.47278000000006, "total_loss": 0.3143929436337203}
{"data_time": 0.004966749999766762, "eta_seconds": 10219.660447999995, "fast_rcnn/cls_accuracy": 0.974609375, "fast_rcnn/false_negative": 0.015625, "fast_rcnn/fg_cls_accuracy": 0.984375, "iteration": 139, "loss_box_reg": 0.24320559948682785, "loss_cls": 0.07167418301105499, "loss_rpn_cls": 0.0009837022080319002, "loss_rpn_loc": 0.00442133704200387, "lr": 0.00046387, "rank_data_time": 0.004966749999766762, "roi_head/num_bg_samples": 48.0, "roi_head/num_fg_samples": 16.0, "rpn/num_neg_anchors": 251.25, "rpn/num_pos_anchors": 4.75, "time": 59.83251515000029, "total_loss": 0.32210140209645033}
{"data_time": 0.00422425000124349, "eta_seconds": 8473.57415099993, "fast_rcnn/cls_accuracy": 0.98046875, "fast_rcnn/false_negative": 0.015625, "fast_rcnn/fg_cls_accuracy": 0.984375, "iteration": 159, "loss_box_reg": 0.19246798753738403, "loss_cls": 0.06025291793048382, "loss_rpn_cls": 0.0006493253167718649, "loss_rpn_loc": 0.0025230750907212496, "lr": 0.00053047, "rank_data_time": 0.00422425000124349, "roi_head/num_bg_samples": 48.0, "roi_head/num_fg_samples": 16.0, "rpn/num_neg_anchors": 252.125, "rpn/num_pos_anchors": 3.875, "time": 53.48236455000006, "total_loss": 0.25474719278281555}
{"data_time": 0.004654849999496946, "eta_seconds": 7199.237231999978, "fast_rcnn/cls_accuracy": 0.984375, "fast_rcnn/false_negative": 0.015625, "fast_rcnn/fg_cls_accuracy": 0.984375, "iteration": 179, "loss_box_reg": 0.17763909697532654, "loss_cls": 0.0546407513320446, "loss_rpn_cls": 0.0007438017928507179, "loss_rpn_loc": 0.002431930275633931, "lr": 0.00059707, "rank_data_time": 0.004654849999496946, "roi_head/num_bg_samples": 48.0, "roi_head/num_fg_samples": 16.0, "rpn/num_neg_anchors": 252.0, "rpn/num_pos_anchors": 4.0, "time": 58.09223164999912, "total_loss": 0.23193469631587504}
{"data_time": 0.004315649999625748, "eta_seconds": 5976.638785000023, "fast_rcnn/cls_accuracy": 0.98828125, "fast_rcnn/false_negative": 0.0078125, "fast_rcnn/fg_cls_accuracy": 0.9921875, "iteration": 199, "loss_box_reg": 0.18988214433193207, "loss_cls": 0.044620973989367485, "loss_rpn_cls": 0.0005652146501233801, "loss_rpn_loc": 0.0025750886416062713, "lr": 0.00066367, "rank_data_time": 0.004315649999625748, "roi_head/num_bg_samples": 48.0, "roi_head/num_fg_samples": 16.0, "rpn/num_neg_anchors": 252.0, "rpn/num_pos_anchors": 4.0, "time": 44.59231699999964, "total_loss": 0.24234527782755322}
{"data_time": 0.003959050000048592, "eta_seconds": 4770.255200000029, "fast_rcnn/cls_accuracy": 0.984375, "fast_rcnn/false_negative": 0.015625, "fast_rcnn/fg_cls_accuracy": 0.984375, "iteration": 219, "loss_box_reg": 0.16947831213474274, "loss_cls": 0.04139474034309387, "loss_rpn_cls": 0.00049783248687163, "loss_rpn_loc": 0.0022786795161664486, "lr": 0.00073027, "rank_data_time": 0.003959050000048592, "roi_head/num_bg_samples": 48.0, "roi_head/num_fg_samples": 16.0, "rpn/num_neg_anchors": 251.5, "rpn/num_pos_anchors": 4.5, "time": 56.84326784999939, "total_loss": 0.21729027800029144}
{"data_time": 0.003622749999522057, "eta_seconds": 3553.09082400001, "fast_rcnn/cls_accuracy": 0.98828125, "fast_rcnn/false_negative": 0.015625, "fast_rcnn/fg_cls_accuracy": 0.984375, "iteration": 239, "loss_box_reg": 0.1470668539404869, "loss_cls": 0.0469029750674963, "loss_rpn_cls": 0.00027505077014211565, "loss_rpn_loc": 0.0023014069302007556, "lr": 0.00079687, "rank_data_time": 0.003622749999522057, "roi_head/num_bg_samples": 48.0, "roi_head/num_fg_samples": 16.0, "rpn/num_neg_anchors": 251.625, "rpn/num_pos_anchors": 4.375, "time": 46.334373949999645, "total_loss": 0.19910980914482934}
{"data_time": 0.003298299999187293, "eta_seconds": 2363.8208240000313, "fast_rcnn/cls_accuracy": 0.98828125, "fast_rcnn/false_negative": 0.015625, "fast_rcnn/fg_cls_accuracy": 0.984375, "iteration": 259, "loss_box_reg": 0.16301199793815613, "loss_cls": 0.03867662511765957, "loss_rpn_cls": 9.797359598451294e-05, "loss_rpn_loc": 0.001880655123386532, "lr": 0.00086347, "rank_data_time": 0.003298299999187293, "roi_head/num_bg_samples": 48.0, "roi_head/num_fg_samples": 16.0, "rpn/num_neg_anchors": 251.625, "rpn/num_pos_anchors": 4.375, "time": 56.2643850000004, "total_loss": 0.20486861266908818}
{"data_time": 0.0036407500001587323, "eta_seconds": 1179.2864600000212, "fast_rcnn/cls_accuracy": 0.9921875, "fast_rcnn/false_negative": 0.0, "fast_rcnn/fg_cls_accuracy": 1.0, "iteration": 279,